gene symbol,gene mim,disease name,disease mim,DDD category,allelic requirement,mutation consequence,phenotypes,organ specificity list,pmids,panel,prev symbols,hgnc id,gene disease pair entry date
DSC2,125645,DSC2 related ARVC,No disease mim,confirmed,monoallelic,loss of function,HP:0000007;HP:0000982;HP:0004308;HP:0001279;HP:0001645;HP:0000006;HP:0011663;HP:0002224;HP:0002094;HP:0001962,Heart/Cardiovasculature/Lymphatic,NBK1131;20031616;2386395426310507;23911551;17186466;17963498;17033975;31028357;31402444;31386562;29369293,Cardiac,ARVD11;CDHF2;DG2;DGII/III;DSC3,3036,25.11.2020
DSG2,125645,DSG2 related ARVC,No disease mim,confirmed,monoallelic,loss of function,"NA",Heart/Cardiovasculature/Lymphatic,NBK1131;26085008;16505173;30790397;27532257;31402444;21636032,Cardiac,CDHF5;HDGC,3049,12.12.2020
DSP,125671,DSP related ARVC,No disease mim,confirmed,monoallelic,loss of function,"NA",Heart/Cardiovasculature/Lymphatic,27761164;NBK1131;21636032;28527814;23137101;3237266927532257,Cardiac,KPPS2;PPKS2;DPI;DPII;DCWHKTA;DP,3052,12.12.2020
DSP,125671,DSP related arrhythmogenic cardiomyopathy with wooly hair and keratoderma,No disease mim,confirmed,monoallelic,loss of function,"NA",Heart/Cardiovasculature/Lymphatic,30382575;33275305;23137101;11063735;27761164;OMIM;615821,Cardiac,KPPS2;PPKS2;DPI;DPII;DCWHKTA;DP,3052,12.12.2020
JUP,173325,JUP related ARVC,No disease mim,probable,monoallelic,all missense/in frame,"NA",Heart/Cardiovasculature/Lymphatic,31402444;20031617;25820315;25705887;NBK1131;17924338;10902626,Cardiac,CTNNG;DP3;PDGB;PKGB;DPIII,6207,14.12.2020
PKP2,602861,PKP2  related  ARVC,No disease mim,confirmed,monoallelic,loss of function,HP:0001695;HP:0001649;HP:0011712;HP:0001962;HP:0011705;HP:0011663;HP:0000006;HP:0004751;HP:0001663;HP:0002617;HP:0011704;HP:0006698;HP:0004308;HP:0012251;HP:0004755;HP:0011715;HP:0001645;HP:0001279,Heart/Cardiovasculature/Lymphatic,NBK1131;24704780;30619891;11691526;27532257;31386562;31402444;31028357,Cardiac,ARVD9,9024,14.12.2020
TMEM43,612048,TMEM43  related  ARVC,No disease mim,confirmed,monoallelic,all missense/in frame,HP:0004756;HP:0001639;HP:0003805;HP:0008948;HP:0006785;HP:0007126;HP:0005115;HP:0001605;HP:0003458;HP:0000467;HP:0031972;HP:0002808;HP:0008064;HP:0001387;HP:0001644;HP:0001513;HP:0008997;HP:0011675;HP:0003306;HP:0000767;HP:0005155;HP:0006677;HP:0001771;HP:0003307;HP:0030117;HP:0001635;HP:0002155;HP:0009125;HP:0003198;HP:0011663;HP:0005110;HP:0000508;HP:0002515;HP:0008994;HP:0011807;HP:0003701;HP:0008956;HP:0001252;HP:0000912;HP:0003560;HP:0000006;HP:0002650;HP:0002747;HP:0100749;HP:0001288;HP:0001662;HP:0004631;HP:0003418;HP:0006682;HP:0001678;HP:0001962;HP:0002987;HP:0001645;HP:0001315;HP:0002486;HP:0100660;HP:0003236;HP:0003141;HP:0003691;HP:0040083,Heart/Cardiovasculature/Lymphatic,24598986;29980933;NBK1131;18313022;23812740,Cardiac,ARVC5;ARVD5;EDMD7;LUMA,28472,28.08.2020
SCN5A,600163,SCN5A related Brugada_syndrome,No disease mim,confirmed,monoallelic,loss of function,HP:0001279;HP:0004751;HP:0001962;HP:0004757;HP:0000007;HP:0000407;HP:0002047;HP:0011715;HP:0001678;HP:0006673;HP:0004755;HP:0001695;HP:0025478;HP:0005949;HP:0100578;HP:0011705;HP:0005170;HP:0031295;HP:0011704;HP:0012251;HP:0001644;HP:0001664;HP:0004749;HP:0011712;HP:0001645;HP:0006671;HP:0001663;HP:0000006;HP:0003577;HP:0005155;HP:0000982;HP:0001426;HP:0005110;HP:0001712;HP:0001874;HP:0001297;HP:0011713;HP:0003198;HP:0002094;HP:0004308;HP:0011675;HP:0001649;HP:0003457;HP:0005180;HP:0003236;HP:0001657;HP:0001688;HP:0006682;HP:0006699;HP:0011711;HP:0005172;HP:0001425;HP:0001699,Heart/Cardiovasculature/Lymphatic,9521325;11748104;NBK1517;25905440;32850980;25829473;17075016;17442746;20564468;20031634;33164571;29798782;32533946;20129283;33131149;30203441;32893267;29959160,Cardiac,CDCD2;CMD1E;CMPD2;HB1;HB2;HBBD;HH1;ICCD;IVF;LQT3;Nav1.5;PFHB1;SSS1;VF1,10593,21.07.2021
CALM1,114180,CALM1 related CPVT,No disease mim,confirmed,monoallelic,all missense/in frame,"NA",Heart/Cardiovasculature/Lymphatic,31983240;23040497;25557436;32929985;24563457;26309258;31170290,Cardiac,CAMI;PHKD;DD132,1442,19.05.2021
CALM2,114182,CALM2 related CPVT,No disease mim,confirmed,monoallelic,all missense/in frame,"NA",Heart/Cardiovasculature/Lymphatic,31983240;27100291;24917665;25557436;26309258;31170290,Cardiac,PHKD;CAMII,1445,19.05.2021
CALM3,114183,CALM3 related CPVT,No disease mim,confirmed,monoallelic,all missense/in frame,"NA",Heart/Cardiovasculature/Lymphatic,31983240;27516456;31170290,Cardiac,PHKD,1449,19.05.2021
CASQ2,114251,CASQ2 related CPVT,No disease mim,confirmed,monoallelic,all missense/in frame,"NA",Heart/Cardiovasculature/Lymphatic,12386154;16908766;21618644;15176429;32693635;27157848,Cardiac,PDIB2,1513,19.05.2021
RYR2,180902,RYR2 related CPVT,No disease mim,confirmed,monoallelic,all missense/in frame,"NA",Heart/Cardiovasculature/Lymphatic,29453246;11208676;12093772;17875969;19216760;23479668;24394973;26018045;17081562;30696458;31112425,Cardiac,ARVD2;ARVC2;VTSIP,10484,19.05.2021
TECRL,614021,TERCL related CPVT,No disease mim,confirmed,biallelic,all missense/in frame,"NA",Heart/Cardiovasculature/Lymphatic,27861123;30790670;33367594;32173957,Cardiac,GPSN2L;SRD5A2L2;TERL,27365,19.05.2021
TRDN,603283,TRDN related CPVT,No disease mim,confirmed,biallelic,all missense/in frame,"NA",Heart/Cardiovasculature/Lymphatic,22422768;26200674;26768964;30479949;25922419,Cardiac,TRISK,12261,19.05.2021
BAG3,603883,BAG3 related DCM,No disease mim,confirmed,monoallelic,loss of function,"NA",Heart/Cardiovasculature/Lymphatic,23518596;20884878;26796036;21353195;25008357;27391596;30442290;31983221;21898660;20884878;28737513;31808029;32160020,Cardiac,BCL2,939,23.07.2021
DES,125660,DES related DCM,No disease mim,confirmed,monoallelic,all missense/in frame,"NA",Heart/Cardiovasculature/Lymphatic,17626518;17325244;10430757;11728149;17325244;23300193;23349452;26724190;17626518,Cardiac,CMD1I;CSM1;CSM2,2770,23.07.2021
DSP,125647,DSP related DCM,No disease mim,probable,monoallelic,loss of function,HP:0000407;HP:0004756;HP:0000006;HP:0006682;HP:0001874;HP:0000982;HP:0001962;HP:0001644;HP:0003236;HP:0003198;HP:0011663;HP:0100578;HP:0001425;HP:0003457;HP:0001645,Heart/Cardiovasculature/Lymphatic,NA,Cardiac,CDHF5;HDGC,3049,23.07.2021
FLNC,102565,FLNC related DCM,No disease mim,confirmed,monoallelic,loss of function,"NA",Heart/Cardiovasculature/Lymphatic,27206985;321126565;27908349;30067491;2843697;31627847;27601210;32150467;22020047;32160020,Cardiac,ABP-280;ABPL,3756,23.07.2021
LMNA,150330,LMNA related DCM,No disease mim,confirmed,monoallelic,all missense/in frame,HP:0000934;HP:0002692;HP:0002230;HP:0003621;HP:0100649;HP:0000418;HP:0002515;HP:0000519;HP:0002486;HP:0008981;HP:0001279;HP:0004414;HP:0006391;HP:0008897;HP:0001799;HP:0001270;HP:0001698;HP:0002097;HP:0003306;HP:0002170;HP:0008064;HP:0004331;HP:0003300;HP:0001513;HP:0011356;HP:0000822;HP:0000815;HP:0009027;HP:0007592;HP:0011220;HP:0002758;HP:0003457;HP:0001760;HP:0001319;HP:0003741;HP:0004325;HP:0000546;HP:0001324;HP:0001043;HP:0002753;HP:0011807;HP:0003124;HP:0010219;HP:0000774;HP:0003712;HP:0002164;HP:0008180;HP:0002747;HP:0003676;HP:0001397;HP:0001838;HP:0003383;HP:0100526;HP:0003826;HP:0002597;HP:0000831;HP:0007427;HP:0001744;HP:0000726;HP:0008993;HP:0004749;HP:0008994;HP:0007509;HP:0002089;HP:0000144;HP:0003376;HP:0009839;HP:0001597;HP:0006288;HP:0000991;HP:0007394;HP:0003758;HP:0008069;HP:0011675;HP:0000320;HP:0040270;HP:0012084;HP:0005155;HP:0011702;HP:0001643;HP:0012478;HP:0000869;HP:0003355;HP:0200102;HP:0002645;HP:0000035;HP:0001634;HP:0006824;HP:0001644;HP:0000883;HP:0200021;HP:0007618;HP:0001816;HP:0008197;HP:0000369;HP:0003327;HP:0008956;HP:0010239;HP:0040113;HP:0008419;HP:0009726;HP:0000147;HP:0004279;HP:0004349;HP:0000287;HP:0004943;HP:0011040;HP:0005692;HP:0002155;HP:0003674;HP:0100607;HP:0008283;HP:0008968;HP:0008948;HP:0000621;HP:0000962;HP:0004382;HP:0003202;HP:0001156;HP:0005461;HP:0008997;HP:0004950;HP:0001263;HP:0002828;HP:0200041;HP:0003797;HP:0000506;HP:0100324;HP:0001714;HP:0003292;HP:0000961;HP:0000006;HP:0001788;HP:0003198;HP:0100840;HP:0001558;HP:0001561;HP:0003560;HP:0000540;HP:0009053;HP:0005115;HP:0003016;HP:0000160;HP:0003717;HP:0000685;HP:0000963;HP:0000275;HP:0012745;HP:0011001;HP:0000465;HP:0001601;HP:0000520;HP:0001284;HP:0002231;HP:0000311;HP:0100578;HP:0004970;HP:0006785;HP:0001265;HP:0012645;HP:0000767;HP:0001297;HP:0003484;HP:0009125;HP:0100585;HP:0000966;HP:0001596;HP:0009771;HP:0000789;HP:0002936;HP:0006766;HP:0002905;HP:0031546;HP:0100031;HP:0003738;HP:0003384;HP:0001678;HP:0010665;HP:0005110;HP:0040171;HP:0003828;HP:0009882;HP:0003325;HP:0004334;HP:0003380;HP:0001376;HP:0003076;HP:0002621;HP:0000400;HP:0000684;HP:0007543;HP:0002223;HP:0005339;HP:0002804;HP:0001681;HP:0001771;HP:0004492;HP:0001015;HP:0000765;HP:0000668;HP:0001883;HP:0003233;HP:0001159;HP:0004326;HP:0003701;HP:0001653;HP:0040160;HP:0009906;HP:0004931;HP:0003011;HP:0030685;HP:0000678;HP:0100601;HP:0004322;HP:0007495;HP:0100783;HP:0002093;HP:0008244;HP:0031409;HP:0002355;HP:0002751;HP:0004054;HP:0001952;HP:0003691;HP:0002797;HP:0003431;HP:0003805;HP:0001894;HP:0001657;HP:0002650;HP:0003418;HP:0003700;HP:0006739;HP:0001650;HP:0100820;HP:0011362;HP:0006266;HP:0100659;HP:0000534;HP:0001252;HP:0006585;HP:0045075;HP:0000468;HP:0040266;HP:0000444;HP:0000272;HP:0100833;HP:0011832;HP:0001635;HP:0008065;HP:0005474;HP:0031013;HP:0200042;HP:0002671;HP:0000453;HP:0000905;HP:0004417;HP:0009049;HP:0009064;HP:0000938;HP:0001870;HP:0010721;HP:0001084;HP:0001522;HP:0001712;HP:0001315;HP:0001605;HP:0005177;HP:0008070;HP:0003141;HP:0004380;HP:0100678;HP:0002829;HP:0002808;HP:0003690;HP:0001595;HP:0000316;HP:0002664;HP:0003077;HP:0006660;HP:0003115;HP:0001371;HP:0006224;HP:0000239;HP:0001006;HP:0001511;HP:0003635;HP:0100362;HP:0100615;HP:0001651;HP:0003378;HP:0002211;HP:0000953;HP:0001677;HP:0002326;HP:0040189;HP:0001637;HP:0001249;HP:0003326;HP:0003307;HP:0002289;HP:0025354;HP:0001385;HP:0000176;HP:0000939;HP:0005997;HP:0001735;HP:0000877;HP:0001662;HP:0000293;HP:0001611;HP:0000164;HP:0001622;HP:0003236;HP:0000581;HP:0000518;HP:0002987;HP:0000653;HP:0003677;HP:0011727;HP:0002460;HP:0001733;HP:0000561;HP:0001510;HP:0000073;HP:0000508;HP:0000218;HP:0000835;HP:0003074;HP:0011800;HP:0040083;HP:0000365;HP:0001620;HP:0012722;HP:0000842;HP:0006480;HP:0100671;HP:0005328;HP:0000912;HP:0003693;HP:0011703;HP:0004308;HP:0000494;HP:0001290;HP:0005109;HP:0002669;HP:0001608;HP:0004755;HP:0000467;HP:0000956;HP:0001196;HP:0000823;HP:0008739;HP:0005162;HP:0002557;HP:0003761;HP:0001808;HP:0005978;HP:0002421;HP:0007703;HP:0006829;HP:0100490;HP:0001250;HP:0000535;HP:0008944;HP:0001763;HP:0040019;HP:0002216;HP:0011414;HP:0000007;HP:0001097;HP:0001761;HP:0001658;HP:0003777;HP:0004388;HP:0006267;HP:0030084;HP:0003458;HP:0006710;HP:0030117;HP:0000695;HP:0002136;HP:0000047;HP:0009002;HP:0030200;HP:0000233;HP:0001288;HP:0004416;HP:0000407;HP:0001425;HP:0000826;HP:0000431;HP:0011968;HP:0000278;HP:0030053;HP:0008151;HP:0005181;HP:0001070;HP:0008209;HP:0004361;HP:0005659;HP:0001007;HP:0002209;HP:0000894;HP:0005150;HP:0004631;HP:0000135;HP:0005595;HP:0002616;HP:0008887;HP:0001631;HP:0001639;HP:0007485;HP:0000819;HP:0012723;HP:0000347;HP:0005267;HP:0008214;HP:0009046;HP:0002600;HP:0008985;HP:0009924;HP:0010648;HP:0006645;HP:0000855;HP:0002858;HP:0030445;HP:0001669;HP:0005253;HP:0000377;HP:0100546;HP:0012397;HP:0001387;HP:0100679;HP:0000044;HP:0002240;HP:0001645;HP:0002827;HP:0100013;HP:0100658;HP:0001508;HP:0000270,Heart/Cardiovasculature/Lymphatic,28912180;NBK1674;28912180;10580070;10662742;11897440;29095976;18926329;29367541;20127487;12854972;12920062,Cardiac,CDCD1;CDDC;CMD1A;CMT2B1;EMD2;FPL;FPLD;FPLD2;HGPS;IDC;LDP1;LFP;LGMD1B;LMN1;LMNC;LMNL1;MADA;PRO1,6636,23.07.2021
MYH7,160790,MYH7 related DCM,No disease mim,confirmed,monoallelic,all missense/in frame,HP:0001645;HP:0000006;HP:0001962;HP:0002875;HP:0010872;HP:0001723;HP:0031295;HP:0000007;HP:0001695;HP:0001635;HP:0001663;HP:0001712;HP:0001639;HP:0006685,Heart/Cardiovasculature/Lymphatic,29300372;31983221;11106718;29666183;29093449,Cardiac,CMH8;MLC-lV/sb;MLC1SB;MLC1V;VLC1;VLCl,7584,23.07.2021
PLN,172405,PLN related Intrinsic cardiomyopathy,No disease mim,confirmed,monoallelic,loss of function,HP:0005110;HP:0004308;HP:0001712;HP:0000982;HP:0001638;HP:0001644;HP:0000407;HP:0003198;HP:0003457;HP:0003236;HP:0100749;HP:0001874;HP:0001635;HP:0000006;HP:0006673;HP:0100578,Heart/Cardiovasculature/Lymphatic,28082330;28771489;21167350;33020536;12639993,Cardiac,CMD1P;CMH18;PLB,9080,23.07.2021
RBM20,613171,RBM20 related DCM,No disease mim,confirmed,monoallelic,all missense/in frame,HP:0003198;HP:0001644;HP:0000006;HP:0000407;HP:0000982;HP:0001635;HP:0001645;HP:0001874;HP:0003236;HP:0003457;HP:0100578,Heart/Cardiovasculature/Lymphatic,19712804;22466703;29650543;32789749;25979592;26084686;21846512;20590677;22004663;29895960;30871348;30871351;32851336;29367541;27496873;29650543,Cardiac,RBM20,27424,23.07.2021
TNNC1,191040,TNNC1 related DCM,No disease mim,confirmed,monoallelic,all missense/in frame,"NA",Heart/Cardiovasculature/Lymphatic,1554228;19808376;17021793;18803402;32038292;27604170;18212018;20458010;27532257;17977476,Cardiac,TNNC,11943,23.07.2021
TNNT2,191010,TNNT2 related DCM,No disease mim,confirmed,monoallelic,all missense/in frame,HP:0003236;HP:0003198;HP:0001644;HP:0001874;HP:0004756;HP:0000982;HP:0001635;HP:0001653;HP:0001639;HP:0100578;HP:0000006;HP:0000407;HP:0003457,Heart/Cardiovasculature/Lymphatic,27532257;11106718;15542288;20031601;20978592;29367541,Cardiac,C15orf13;CMD1Y;CMH3;HEL-S-265;HTM-alpha;LVNC9;TMSA,12010,23.07.2021
TPM1,191010,TPM1 related DCM,No disease mim,possible,monoallelic,all missense/in frame,"NA",Heart/Cardiovasculature/Lymphatic,31983221;27532257;24503780;23900355;30379622;32882290;31689804,Cardiac,C15orf13;CMH3,12010,08.09.2020
TTN,188840,TTN related DCM,No disease mim,confirmed,monoallelic,loss of function,"NA",Heart/Cardiovasculature/Lymphatic,9817758;9826585;19789381;18765796;25589632;11788824;22335739;32013205;23418287;26084686;28045975;25759365;26315439;29316444;27869827;29238064;32160020;31849696,Cardiac,CMPD4FLJ32040TMDCMH9LGMD2JMYLK5,12403,23.07.2021
ACTC1,102540,ACTC1 related HCM,No disease mim,confirmed,monoallelic,all missense/in frame,HP:0100578;HP:0003198;HP:0030682;HP:0001631;HP:0000006;HP:0000407;HP:0000982;HP:0001639;HP:0001644;HP:0011675;HP:0001874;HP:0003236;HP:0004308;HP:0001635;HP:0001712;HP:0001723;HP:0003457,Heart/Cardiovasculature/Lymphatic,10966831;27532257;23604709;10330430,Cardiac,ACTC;ASD5;CMD1R;CMH11;LVNC4,143,19.11.2020
MYBPC3,600958,MYBPC3 related Hypertrophic cardiomyopathy,No disease mim,confirmed,monoallelic,loss of function,HP:0003198;HP:0001639;HP:0030682;HP:0000982;HP:0000407;HP:0001644;HP:0001874;HP:0003236;HP:0000006;HP:0003457;HP:0100578,Heart/Cardiovasculature/Lymphatic,27532257;31877118;22057632;26573135;25611685;7493025;30696458;30645170,Cardiac,CMD1MM;CMH4;FHC;LVNC10;MYBP-C;cMyBP-C,7551,19.11.2020
MYH7,160760,MYH7 related Hypertrophic cardiomyopathy,No disease mim,confirmed,monoallelic,all missense/in frame,HP:0001425;HP:0030091;HP:0005162;HP:0005110;HP:0010628;HP:0009054;HP:0011808;HP:0000602;HP:0001508;HP:0001680;HP:0000822;HP:0003198;HP:0008994;HP:0002877;HP:0011711;HP:0003700;HP:0002792;HP:0001315;HP:0001763;HP:0003457;HP:0011712;HP:0001761;HP:0003323;HP:0009055;HP:0001288;HP:0002421;HP:0000308;HP:0010505;HP:0004889;HP:0001626;HP:0003029;HP:0004306;HP:0030237;HP:0003547;HP:0001647;HP:0031108;HP:0011916;HP:0011675;HP:0001644;HP:0006510;HP:0000275;HP:0001667;HP:0003121;HP:0003445;HP:0003376;HP:0012378;HP:0002015;HP:0003674;HP:0030680;HP:0100297;HP:0003789;HP:0000006;HP:0008956;HP:0001374;HP:0009129;HP:0002938;HP:0001671;HP:0000276;HP:0003803;HP:0003701;HP:0001622;HP:0005991;HP:0000982;HP:0004420;HP:0003741;HP:0000508;HP:0003394;HP:0000303;HP:0009072;HP:0030148;HP:0003200;HP:0002515;HP:0004322;HP:0003707;HP:0004308;HP:0001430;HP:0001620;HP:0002111;HP:0009031;HP:0003324;HP:0000467;HP:0006467;HP:0002460;HP:0003484;HP:0003828;HP:0011968;HP:0003593;HP:0001385;HP:0001643;HP:0002355;HP:0001283;HP:0030319;HP:0003677;HP:0003307;HP:0001645;HP:0008180;HP:0001319;HP:0003805;HP:0001874;HP:0005180;HP:0003236;HP:0006251;HP:0000407;HP:0003697;HP:0001708;HP:0009058;HP:0030664;HP:0003327;HP:0030682;HP:0003555;HP:0011575;HP:0001634;HP:0003557;HP:0032341;HP:0001436;HP:0003704;HP:0003577;HP:0012507;HP:0000218;HP:0003458;HP:0008800;HP:0003306;HP:0001612;HP:0008316;HP:0003687;HP:0002747;HP:0002093;HP:0001249;HP:0002828;HP:0009053;HP:0002058;HP:0008963;HP:0003755;HP:0100578;HP:0001631;HP:0004696;HP:0004971;HP:0003724;HP:0001558;HP:0003691;HP:0002194;HP:0003326;HP:0011463;HP:0001635;HP:0009027;HP:0009077;HP:0002650;HP:0001290;HP:0001639;HP:0002637;HP:0100295;HP:0000007;HP:0100749;HP:0010316,Heart/Cardiovasculature/Lymphatic,29300372;27532257;30696458;30924982;25209314;20359594;1975517;2144212;1944483;1552912;15856146,Cardiac,CMD1S;CMH1;MPD1;MYHCB;SPMD;SPMM,7577,12.11.2020
MYL2,160781,MYL2 related Hypertrophic cardiomyopathy,No disease mim,confirmed,monoallelic,all missense/in frame,"NA",Heart/Cardiovasculature/Lymphatic,8673105;9535554;11102452;27532257;29300372;29369293,Cardiac,CMH10,7583,15.11.2020
MYL3,160790,MYL3 related Hypertrophic cardiomyopathy,No disease mim,confirmed,monoallelic,all missense/in frame,HP:0001639;HP:0001645;HP:0001635;HP:0001712;HP:0001723;HP:0031295;HP:0000006;HP:0001962;HP:0001695;HP:0000007;HP:0001663;HP:0010872;HP:0002875;HP:0006685,Heart/Cardiovasculature/Lymphatic,12021217;21823217;8673105;27532257,Cardiac,CMH8;MLC-lV/sb;MLC1SB;MLC1V;VLC1;VLCl,7584,15.11.2020
TNNI3,191044,TNNI3 related Hypertrophic cardiomyopathy,No disease mim,confirmed,monoallelic,all missense/in frame,HP:0100578;HP:0000006;HP:0005110;HP:0031295;HP:0001874;HP:0001723;HP:0003198;HP:0011462;HP:0000982;HP:0001638;HP:0000007;HP:0001712;HP:0003621;HP:0001425;HP:0001645;HP:0002119;HP:0003457;HP:0001714;HP:0000407;HP:0001635;HP:0001644;HP:0003236,Heart/Cardiovasculature/Lymphatic,26440512;27532257;30696458;32731933,Cardiac,CMD1FF;CMD2A;CMH7;RCM1;TNNC1;cTnI,11947,19.11.2020
TNNT2,191045,TNNT2 related Hypertrophic cardiomyopathy,No disease mim,confirmed,monoallelic,all missense/in frame,HP:0005110;HP:0001712;HP:0001638;HP:0001644;HP:0001874;HP:0030682;HP:0001639;HP:0003198;HP:0000982;HP:0001635;HP:0003457;HP:0000407;HP:0000006;HP:0001699;HP:0003236;HP:0100578,Heart/Cardiovasculature/Lymphatic,8205619;9637714;22144547;12707239;28973951;27532257;30696458,Cardiac,CMD1D;CMH2;CMPD2;LVNC6;RCM3;TnTC;cTnT,11949,18.11.2020
TPM1,191010,TPM1 related Hypertrophic cardiomyopathy,No disease mim,confirmed,monoallelic,all missense/in frame,HP:0000407;HP:0001874;HP:0100578;HP:0003457;HP:0001639;HP:0001653;HP:0000982;HP:0003236;HP:0000006;HP:0001635;HP:0003198;HP:0001644;HP:0004756,Heart/Cardiovasculature/Lymphatic,24005378;27532257;32882290;30379622;8205619;30696458,Cardiac,C15orf13;CMH3,12010,01.09.2020
ALPK3,617608,ALPK3 related HCM (infant onset),No disease mim,probable,biallelic,loss of function,HP:0005180;HP:0001789;HP:0001657;HP:0001640;HP:0000007;HP:0001653,Heart/Cardiovasculature/Lymphatic,26846950;27106955;32480058,Cardiac,CMH27;MAK;MIDORI,17574,07.10.2020
CACNA1C,114205,CACNA1C related Timothy syndrome,No disease mim,confirmed,monoallelic,all missense/in frame,HP:0011712;HP:0002719;HP:0002090;HP:0001645;HP:0001662;HP:0004755;HP:0001629;HP:0001663;HP:0001643;HP:0004751;HP:0000821;HP:0001943;HP:0005280;HP:0001636;HP:0001279;HP:0001290;HP:0001655;HP:0005110;HP:0012251;HP:0001159;HP:0004308;HP:0000717;HP:0001249;HP:0000691;HP:0001263;HP:0001640;HP:0011704;HP:0012272;HP:0012232;HP:0000219;HP:0001649;HP:0011715;HP:0001250;HP:0001657;HP:0001695;HP:0000006;HP:0000311;HP:0001699;HP:0011705;HP:0002901;HP:0012725;HP:0012387,Heart/Cardiovasculature/Lymphatic,30681346;NBK1403;15454078;25633834;26253506;30023270,Cardiac,CACH2;CACN2;CACNL1A1;CCHL1A1;CaV1.2;LQT8;TS;TS.LQT8,1390,11.11.2020
DES,125660,DES related Desminopathy,No disease mim,confirmed,monoallelic,loss of function,HP:0002014;HP:0005659;HP:0000007;HP:0002460;HP:0006673;HP:0003236;HP:0000407;HP:0001709;HP:0002600;HP:0001723;HP:0002747;HP:0009027;HP:0003704;HP:0100578;HP:0001662;HP:0003694;HP:0002355;HP:0005115;HP:0001645;HP:0001678;HP:0030192;HP:0001874;HP:0009049;HP:0030319;HP:0009053;HP:0000006;HP:0000982;HP:0006957;HP:0011663;HP:0003306;HP:0001762;HP:0005157;HP:0001639;HP:0003458;HP:0001644;HP:0003724;HP:0030196;HP:0002522;HP:0001635;HP:0002019;HP:0003457;HP:0003323;HP:0001283;HP:0003327;HP:0010628;HP:0003812;HP:0003198;HP:0000467;HP:0003722,Heart/Cardiovasculature/Lymphatic,30681346;19181099;20718792;29926427;19433360;23815709;16217025;11073539;31718026;9736733,Cardiac,CDCD3;CMD1F;CSM1;CSM2;LGMD1D;LGMD1E;LGMD2R,2770,27.03.2021
FHL1,300163,FHL1 related Emery related Dreifuss MD,No disease mim,confirmed,hemizygous,loss of function,HP:0001653;HP:0003236;HP:0001371;HP:0001605;HP:0003678;HP:0009473;HP:0008064;HP:0009042;HP:0000445;HP:0001419;HP:0003141;HP:0001678;HP:0011807;HP:0003581;HP:0008075;HP:0003198;HP:0001374;HP:0001714;HP:0002747;HP:0000336;HP:0001265;HP:0009125;HP:0001513;HP:0002996;HP:0001644;HP:0000494;HP:0001639;HP:0000278;HP:0001822;HP:0003307;HP:0008956;HP:0006785;HP:0030117;HP:0009027;HP:0005115;HP:0008948;HP:0002355;HP:0003704;HP:0002808;HP:0000339;HP:0000912;HP:0002093;HP:0005155;HP:0001288;HP:0003691;HP:0001315;HP:0000470;HP:0003202;HP:0001836;HP:0001417;HP:0008997;HP:0009054;HP:0001252;HP:0001638;HP:0003458;HP:0002359;HP:0001387;HP:0004631;HP:0011675;HP:0003557;HP:0000244;HP:0002155;HP:0008141;HP:0003306;HP:0002987;HP:0000369;HP:0000508;HP:0001169;HP:0008994;HP:0003701;HP:0040083;HP:0001645;HP:0000232;HP:0000358;HP:0000448;HP:0001284;HP:0002650;HP:0003715;HP:0000664;HP:0001423;HP:0001249;HP:0003676;HP:0007340;HP:0002515;HP:0003376;HP:0001608;HP:0001771;HP:0003805;HP:0000767;HP:0001821;HP:0003418;HP:0002486,Heart/Cardiovasculature/Lymphatic,30681346;19716112;20186852;32993534;22523091,Cardiac,FCMSU;FHL-1;FHL1A;FHL1B;FLH1A;KYOT;RBMX1A;RBMX1B;SLIM;SLIM-1;SLIM1;SLIMMER;XMPMA,3702,27.03.2021
FLNC,102565,FLNC related Myofibrillar myopathy,No disease mim,confirmed,monoallelic,all missense/in frame,HP:0001265;HP:0002015;HP:0030319;HP:0001635;HP:0003551;HP:0009053;HP:0003555;HP:0000759;HP:0001653;HP:0002747;HP:0031295;HP:0002094;HP:0012515;HP:0002515;HP:0003677;HP:0003715;HP:0001626;HP:0030200;HP:0008180;HP:0001430;HP:0001638;HP:0009027;HP:0002600;HP:0100303;HP:0003198;HP:0003202;HP:0031177;HP:0008994;HP:0002355;HP:0005110;HP:0007149;HP:0002093;HP:0008954;HP:0003474;HP:0002540;HP:0003701;HP:0003738;HP:0006389;HP:0009046;HP:0008959;HP:0001324;HP:0000006;HP:0002141;HP:0006135;HP:0008944;HP:0003236;HP:0003581,Heart/Cardiovasculature/Lymphatic,30681346;15929027;25351925;19050726;32022900;26666891;27908349;31245841;32112656;20697107;21135393,Cardiac,ABP-280;ABP280A;ABPA;ABPL;CMH26;FLN2;MFM5;MPD4;RCM5,3756,27.03.2021
GLA,300644,GLA related Fabry disease,No disease mim,confirmed,hemizygous,loss of function,HP:0000962;HP:0002823;HP:0011675;HP:0000083;HP:0000524;HP:0004306;HP:0000100;HP:0002097;HP:0000407;HP:0005144;HP:0001419;HP:0012702;HP:0000966;HP:0100543;HP:0002376;HP:0001646;HP:0002380;HP:0000280;HP:0004349;HP:0000739;HP:0006536;HP:0000518;HP:0001678;HP:0000716;HP:0002094;HP:0003394;HP:0007957;HP:0100579;HP:0001014;HP:0001131;HP:0001004;HP:0002014;HP:0003077;HP:0000790;HP:0004322;HP:0000708;HP:0012332;HP:0002321;HP:0002326;HP:0000112;HP:0000873;HP:0003119;HP:0000179;HP:0000365;HP:0001903;HP:0002013;HP:0001637;HP:0002829;HP:0001653;HP:0100820;HP:0000823;HP:0001945;HP:0000091;HP:0000093;HP:0001635;HP:0001369;HP:0002571;HP:0000648;HP:0100585;HP:0002024;HP:0006510;HP:0011710;HP:0002039;HP:0003621;HP:0003326;HP:0001639;HP:0002093;HP:0001482;HP:0001681;HP:0002027;HP:0001155;HP:0001250;HP:0001712;HP:0002018;HP:0012378;HP:0003401;HP:0001658;HP:0002017;HP:0000822,Heart/Cardiovasculature/Lymphatic,20301469;NBK1292;18940466;18023222,Cardiac,GALA,4296,15.11.2020
LAMP2,309060,LAMP2 related Danon disease,No disease mim,confirmed,hemizygous,loss of function,HP:0000505;HP:0001700;HP:0001761;HP:0001640;HP:0003710;HP:0001716;HP:0002375;HP:0011675;HP:0003546;HP:0003236;HP:0003458;HP:0001263;HP:0001644;HP:0001685;HP:0001639;HP:0003700;HP:0006543;HP:0003701;HP:0100543;HP:0001288;HP:0010547;HP:0001249;HP:0001423,Heart/Cardiovasculature/Lymphatic,30681346;10972294;30857840;20173215;19588270;19057086;16217705;15907287,Cardiac,CD107b;LAMP-2;LAMPB;LGP-96;LGP110,6501,27.03.2021
PLN,172405,PLN related PLN related Intrinsic cardiomyopathy,No disease mim,confirmed,monoallelic,loss of function,HP:0005110;HP:0004308;HP:0001712;HP:0000982;HP:0001638;HP:0001644;HP:0000407;HP:0003198;HP:0003457;HP:0003236;HP:0100749;HP:0001874;HP:0001635;HP:0000006;HP:0006673;HP:0100578,Heart/Cardiovasculature/Lymphatic,28082330;28771489;21167350;33020536;12639993,Cardiac,CMD1P;CMH18;PLB,9080,3.12.2020
PRKAG2,602743,PRKAG2 related cardiomyompathy,No disease mim,confirmed,monoallelic,all missense/in frame,HP:0000006;HP:0001638;HP:0005165;HP:0000961;HP:0001635;HP:0001662;HP:0000158;HP:0001297;HP:0002615;HP:0001425;HP:0031318;HP:0003198;HP:0005110;HP:0001962;HP:0006677;HP:0011713;HP:0001640;HP:0200128;HP:0001999;HP:0001678;HP:0100598;HP:0004309;HP:0001541;HP:0001645;HP:0006684;HP:0004757;HP:0001250;HP:0001688;HP:0001716;HP:0001639;HP:0001998;HP:0001670;HP:0004763;HP:0000007,Heart/Cardiovasculature/Lymphatic,26729852;23741347;12015471;28009297;27532257;11371514;32646569;32259713,Cardiac,AAKG;AAKG2;CMH6;H91620p;WPWS,9386,20.11.2020
PTPN11,176876,PTPN11 related Noonan syndrome,No disease mim,confirmed,monoallelic,all missense/in frame,HP:0002240;HP:0000914;HP:0001680;HP:0002617;HP:0001367;HP:0100625;HP:0012569;HP:0000078;HP:0001642;HP:0000144;HP:0001531;HP:0000974;HP:0001643;HP:0010318;HP:0005692;HP:0001633;HP:0000457;HP:0000054;HP:0000431;HP:0007392;HP:0003691;HP:0030084;HP:0000242;HP:0000391;HP:0001252;HP:0000135;HP:0000486;HP:0100777;HP:0002653;HP:0000348;HP:0000768;HP:0000369;HP:0000925;HP:0002208;HP:0001156;HP:0000474;HP:0000520;HP:0000823;HP:0000358;HP:0000407;HP:0001428;HP:0011362;HP:0001425;HP:0004306;HP:0001682;HP:0100697;HP:0001263;HP:0005701;HP:0000767;HP:0000006;HP:0000921;HP:0002167;HP:0002650;HP:0002996;HP:0001928;HP:0002861;HP:0001639;HP:0008724;HP:0000470;HP:0001249;HP:0001743;HP:0001641;HP:0002162;HP:0000494;HP:0000689;HP:0004415;HP:0000179;HP:0000271;HP:0000465;HP:0003251;HP:0000411;HP:0002974;HP:0002967;HP:0008897;HP:0000915;HP:0001629;HP:0001631;HP:0000028;HP:0003298;HP:0000368;HP:0000508;HP:0000912;HP:0100763;HP:0006610;HP:0001634;HP:0008872;HP:0006824;HP:0006695;HP:0100542;HP:0002750;HP:0001256;HP:0100769;HP:0000944;HP:0001511;HP:0008625;HP:0001260;HP:0000286;HP:0001003;HP:0000639;HP:0004859;HP:0000303;HP:0004841;HP:0012209;HP:0004322;HP:0004409;HP:0011381;HP:0011869;HP:0000047;HP:0000175;HP:0009466;HP:0001482;HP:0000917;HP:0000545;HP:0011675;HP:0000347;HP:0011710;HP:0000248;HP:0003006;HP:0000218;HP:0002705;HP:0002863;HP:0010463;HP:0001658;HP:0000316;HP:0001608;HP:0000995;HP:0001709;HP:0004209;HP:0004414;HP:0000325;HP:0001004;HP:0000957;HP:0006487;HP:0007477;HP:0002664;HP:0010885;HP:0000476;HP:0001892;HP:0030680;HP:0000122;HP:0001510;HP:0005655;HP:0008357;HP:0002751;HP:0001480;HP:0011800;HP:0005930;HP:0000044;HP:0001324,Heart/Cardiovasculature/Lymphatic,30681346;23312968;21269411;11992261;16358218;14974085;15521065;15240615;18348260;19760651;24739123;25974318;21533187,Cardiac,BPTP3;CFC;JMML;METCDS;NS1;PTP-1D;PTP2C;SH-PTP2;SH-PTP3;SHP2,9644,27.03.2021
RAF1,164760,RAF1 related Noonan syndrome,No disease mim,confirmed,monoallelic,all missense/in frame,HP:0011220;HP:0012471;HP:0001658;HP:0001928;HP:0001260;HP:0000391;HP:0100578;HP:0000958;HP:0001874;HP:0002617;HP:0001003;HP:0001482;HP:0000256;HP:0001633;HP:0000347;HP:0000767;HP:0000006;HP:0001249;HP:0000766;HP:0000268;HP:0002162;HP:0006610;HP:0100625;HP:0011381;HP:0000508;HP:0000474;HP:0000179;HP:0001324;HP:0005692;HP:0000144;HP:0000995;HP:0003457;HP:0001004;HP:0000316;HP:0001252;HP:0000974;HP:0000486;HP:0003691;HP:0000431;HP:0001480;HP:0002974;HP:0001641;HP:0002863;HP:0004308;HP:0000369;HP:0006695;HP:0011362;HP:0000639;HP:0001639;HP:0000325;HP:0002861;HP:0004306;HP:0001892;HP:0001511;HP:0001634;HP:0001999;HP:0000494;HP:0001510;HP:0030680;HP:0005280;HP:0000470;HP:0004322;HP:0002212;HP:0002208;HP:0007477;HP:0004209;HP:0003006;HP:0002167;HP:0001644;HP:0003198;HP:0008872;HP:0000768;HP:0002240;HP:0000218;HP:0000154;HP:0003298;HP:0001263;HP:0001156;HP:0000520;HP:0001256;HP:0001653;HP:0010318;HP:0000078;HP:0000912;HP:0001608;HP:0000957;HP:0000044;HP:0000407;HP:0000982;HP:0004415;HP:0000465;HP:0001642;HP:0001631;HP:0000476;HP:0100763;HP:0002750;HP:0011710;HP:0000286;HP:0004414;HP:0007392;HP:0100542;HP:0000271;HP:0000368;HP:0002650;HP:0008625;HP:0000303;HP:0011800;HP:0003236;HP:0001561;HP:0000047;HP:0002967;HP:0011869;HP:0003764;HP:0011675;HP:0000028;HP:0000248;HP:0000348;HP:0001743,Heart/Cardiovasculature/Lymphatic,30681346;17603482;17603483;30762279;29271604;24782337;22786616;25974318,Cardiac,CMD1NN;CRAF;NS5;Raf-1;c-Raf,9829,27.03.2021
RIT1,609591,RIT1 related Noonan syndrome,No disease mim,confirmed,monoallelic,all missense/in frame,HP:0000028;HP:0006610;HP:0000768;HP:0000369;HP:0000508;HP:0030680;HP:0011362;HP:0004415;HP:0007517;HP:0001249;HP:0000044;HP:0000494;HP:0001156;HP:0002240;HP:0001004;HP:0004209;HP:0010318;HP:0001643;HP:0100625;HP:0002750;HP:0000766;HP:0000316;HP:0001712;HP:0004322;HP:0001639;HP:0000639;HP:0001508;HP:0000325;HP:0000470;HP:0000407;HP:0004482;HP:0000474;HP:0000476;HP:0001629;HP:0011800;HP:0002650;HP:0000286;HP:0011381;HP:0002162;HP:0001324;HP:0001928;HP:0001260;HP:0001892;HP:0000465;HP:0001743;HP:0002974;HP:0002212;HP:0000078;HP:0001641;HP:0011675;HP:0011869;HP:0000974;HP:0000348;HP:0000767;HP:0000953;HP:0005692;HP:0000486;HP:0000962;HP:0001642;HP:0001252;HP:0000368;HP:0008872;HP:0002167;HP:0000391;HP:0000218;HP:0000995;HP:0001561;HP:0000520;HP:0100763;HP:0002208;HP:0001631;HP:0000179;HP:0007477;HP:0000006;HP:0002202;HP:0000347,Heart/Cardiovasculature/Lymphatic,30681346;23791108;26446362;27101134;25959749,Cardiac,NS8;RIBB;RIT;ROC1,10023,27.03.2021
TTR,176300,TTR related Transthyretin amyloidosis,No disease mim,confirmed,monoallelic,all missense/in frame,HP:0000006;HP:0001824;HP:0008326;HP:0001269;HP:0012332;HP:0003676;HP:0004926;HP:0008247;HP:0002014;HP:0001337;HP:0001265;HP:0001271;HP:0000365;HP:0001640;HP:0002401;HP:0000112;HP:0002315;HP:0011675;HP:0100832;HP:0000505;HP:0000726;HP:0012185;HP:0000639;HP:0000802;HP:0002019;HP:0002922;HP:0001250;HP:0001678;HP:0012211;HP:0003477;HP:0000020;HP:0001257;HP:0009830;HP:0011034;HP:0001324;HP:0001260;HP:0001251;HP:0001638;HP:0007841;HP:0003581;HP:0012276;HP:0010550,Heart/Cardiovasculature/Lymphatic,28739313;30328212;25604431;28213611;22745357;29941560,Cardiac,ATTR;CTS;CTS1;HEL111;HsT2651;PALB;TBPA,12405,02.04.2021
ABCC9,601439,ABCC9 related Cantu Syndrome,No disease mim,confirmed,monoallelic,all missense/in frame,HP:0000159;HP:0010068;HP:0004755;HP:0004756;HP:0011715;HP:0010285;HP:0010109;HP:0008822;HP:0000343;HP:0001279;HP:0000347;HP:0000581;HP:0009928;HP:0000212;HP:0001698;HP:0001644;HP:0004757;HP:0000215;HP:0001520;HP:0002553;HP:0000154;HP:0001654;HP:0000926;HP:0000939;HP:0000158;HP:0001649;HP:0000470;HP:0009882;HP:0001249;HP:0011220;HP:0003236;HP:0010059;HP:0003016;HP:0000179;HP:0000431;HP:0004751;HP:0000340;HP:0000407;HP:0100578;HP:0004975;HP:0007665;HP:0012471;HP:0000944;HP:0005129;HP:0000527;HP:0000463;HP:0001869;HP:0000256;HP:0001639;HP:0000574;HP:0001537;HP:0003457;HP:0001072;HP:0001874;HP:0001155;HP:0005616;HP:0000774;HP:0000336;HP:0002690;HP:0001643;HP:0002750;HP:0001250;HP:0005692;HP:0001163;HP:0002673;HP:0004540;HP:0001182;HP:0002652;HP:0011704;HP:0003198;HP:0005280;HP:0000157;HP:0001647;HP:0000006;HP:0012251;HP:0000664;HP:0002230;HP:0000280;HP:0000414;HP:0004493;HP:0001640;HP:0000232;HP:0003300;HP:0100540;HP:0001004;HP:0000221;HP:0005445;HP:0011712;HP:0002162;HP:0011705;HP:0006101;HP:0003189;HP:0001663;HP:0010055;HP:0000286;HP:0004634;HP:0000885;HP:0000982;HP:0001176;HP:0001695;HP:0000294;HP:0006670;HP:0001256;HP:0000316;HP:0004308,Heart/Cardiovasculature/Lymphatic,31828977;NBK246980;22610116;22608503;31175705,Cardiac,ABC37;ATFB12;CANTU;CMD1O;SUR2,60,07.10.2020
BAG3,603883,BAG3 related Myofibrillar myopathy,No disease mim,confirmed,monoallelic,all missense/in frame,HP:0001644;HP:0003457;HP:0003715;HP:0001635;HP:0006380;HP:0003560;HP:0003236;HP:0003678;HP:0002650;HP:0001639;HP:0032341;HP:0006597;HP:0000982;HP:0003700;HP:0001761;HP:0002936;HP:0001265;HP:0003447;HP:0010628;HP:0001874;HP:0000407;HP:0001611;HP:0003388;HP:0003458;HP:0003306;HP:0007108;HP:0002093;HP:0100578;HP:0000006;HP:0003198,Heart/Cardiovasculature/Lymphatic,23995273;25208129;19085932;OMIM;603883,Cardiac,BAG-3;BIS;CAIR-1;MFM6,939,11.11.2020
CRYAB,123590,CRYAB related Alpha related B crystallinpathy,No disease mim,confirmed,monoallelic,loss of function,HP:0002878;HP:0003678;HP:0000556;HP:0040081;HP:0000518;HP:0001265;HP:0003555;HP:0001639;HP:0100578;HP:0002063;HP:0000007;HP:0003694;HP:0003236;HP:0001638;HP:0009063;HP:0003557;HP:0002747;HP:0002460;HP:0002093;HP:0002355;HP:0100020;HP:0003198;HP:0000982;HP:0000006;HP:0001644;HP:0030225;HP:0001874;HP:0003677;HP:0003552;HP:0000519;HP:0009073;HP:0001653;HP:0003457;HP:0100299;HP:0003327;HP:0000407;HP:0003325;HP:0001371;HP:0002104;HP:0001349;HP:0001612;HP:0009027;HP:0000467;HP:0001115;HP:0009072;HP:0001618;HP:0003560;HP:0002015;HP:0003736;HP:0003458;HP:0003581,Heart/Cardiovasculature/Lymphatic,30681346;570292;14681890;9731540;21920752;28493373;21337604;21130652;32420686,Cardiac,CMD1II;CRYA2;CTPP2;CTRCT16;HEL-S-101;HSPB5;MFM2,2389,27.03.2021
FXN,606829,FXN related Friedreich ataxia,No disease mim,confirmed,biallelic,loss of function,HP:0000649;HP:0002070;HP:0000570;HP:0002546;HP:0002495;HP:0000365;HP:0010831;HP:0001260;HP:0003487;HP:0001760;HP:0002522;HP:0003116;HP:0001639;HP:0003431;HP:0001324;HP:0002072;HP:0003232;HP:0003448;HP:0001123;HP:0002015;HP:0003621;HP:0007010;HP:0001257;HP:0009130;HP:0001635;HP:0001251;HP:0000819;HP:0010873;HP:0003115;HP:0001638;HP:0002066;HP:0002141;HP:0007663;HP:0000648;HP:0001761;HP:0003209;HP:0030183;HP:0002080;HP:0002527;HP:0001332;HP:0001310;HP:0002650;HP:0007078;HP:0002839;HP:0000505;HP:0002540;HP:0000763;HP:0000007;HP:0000639;HP:0003390,Heart/Cardiovasculature/Lymphatic,30681346;28405347;10633128;25566998;24705334;26704351;22409940;22691228,Cardiac,CyaY;FA;FARR;FRDA;X25,3951,27.03.2021
GAA,606800,GAA related Pompe disease,No disease mim,confirmed,biallelic,loss of function,HP:0000158;HP:0000365;HP:0003701;HP:0001945;HP:0000007;HP:0002205;HP:0004944;HP:0011400;HP:0003236;HP:0002093;HP:0001744;HP:0001284;HP:0005165;HP:0001252;HP:0001640;HP:0001716;HP:0002094;HP:0002240;HP:0006597;HP:0001324;HP:0001290;HP:0002747;HP:0003725,Heart/Cardiovasculature/Lymphatic,30681346;31254424;1652892;8094613;7981676;7717400;9535769;14643388;17056254;19588081;20882352;4286143;1856189;3108320;10973860;21484825;9668092;11991748;1680134;28185884;31254424;31342611,Cardiac,LYAG,4065,27.03.2021
MYO6,600970,MYO6 related HCM (Bilateral hearing loss),No disease mim,confirmed,monoallelic,all missense/in frame,HP:0000006;HP:0000007;HP:0000407;HP:0001751;HP:0000408;HP:0007642;HP:0000510;HP:0008619,Heart/Cardiovasculature/Lymphatic,30681346;24105371;15060111;12687499;18348273;25999546;26265212;23485424,Cardiac,DFNA22;DFNB37,7605,27.03.2021
SLC25A4,103220,SLC25A4 related Mitochondrial disease,No disease mim,confirmed,biallelic,all missense/in frame,HP:0000602;HP:0001962;HP:0003577;HP:0000939;HP:0001272;HP:0000544;HP:0000501;HP:0003202;HP:0007042;HP:0002076;HP:0003689;HP:0001946;HP:0000017;HP:0000821;HP:0002063;HP:0012378;HP:0003326;HP:0001324;HP:0001254;HP:0001265;HP:0001276;HP:0003548;HP:0000545;HP:0003324;HP:0000639;HP:0001250;HP:0001251;HP:0003477;HP:0003731;HP:0000365;HP:0003388;HP:0000505;HP:0002375;HP:0001260;HP:0003546;HP:0012103;HP:0000007;HP:0000836;HP:0001644;HP:0003581;HP:0000338;HP:0000486;HP:0000739;HP:0001513;HP:0002322;HP:0002071;HP:0003458;HP:0000006;HP:0001425;HP:0007302;HP:0000407;HP:0003547;HP:0003394;HP:0000716;HP:0000496;HP:0100543;HP:0001290;HP:0004308;HP:0002020;HP:0003677;HP:0000819;HP:0001131;HP:0000597;HP:0012664;HP:0009830;HP:0001639;HP:0002151;HP:0001992;HP:0003676;HP:0002015;HP:0001508;HP:0001712;HP:0002540;HP:0002396;HP:0003551;HP:0003690;HP:0003438;HP:0002359;HP:0002910;HP:0000590;HP:0002578;HP:0002067;HP:0011675;HP:0003198;HP:0003236;HP:0002747;HP:0003128;HP:0002066;HP:0005110;HP:0001952;HP:0010628;HP:0001288;HP:0002093;HP:0003200;HP:0000512;HP:0003737;HP:0000853;HP:0001337;HP:0001392;HP:0000969;HP:0001349;HP:0002875;HP:0002019;HP:0100704;HP:0000508;HP:0003688;HP:0000518,Heart/Cardiovasculature/Lymphatic,30013777;16155110;27693233;22187496;25732997,Cardiac,AAC1;ANT;ANT1;ANT1;MTDPS12;MTDPS12A;PEO2;PEO3;PEOA2;T1,10990,01.06.2021
ACTA2,102620,Familial thoracic aortic anerysm 6,No disease mim,confirmed,monoallelic,all missense/in frame,HP:0001647;HP:0004944;HP:0002105;HP:0005181;HP:0011834;HP:0000965;HP:0000766;HP:0002705;HP:0002326;HP:0100775;HP:0002650;HP:0007866;HP:0003549;HP:0002875;HP:0012763;HP:0002617;HP:0001640;HP:0012499;HP:0002107;HP:0002616;HP:0005112;HP:0002686;HP:0001166;HP:0100749;HP:0012727;HP:0004942;HP:0100659;HP:0000525;HP:0002140;HP:0000098;HP:0030891;HP:0011499;HP:0001677;HP:0000822;HP:0000006;HP:0002138;HP:0000028;HP:0002789;HP:0004950;HP:0001009;HP:0002092;HP:0002566;HP:0001643;HP:0004933;HP:0001250;HP:0001297;HP:0000278;HP:0004970;HP:0001249;HP:0012163;HP:0000023;HP:0100770;HP:0002119;HP:0200146;HP:0000316;HP:0001659;HP:0001679;HP:0004959;HP:0011106;HP:0001763;HP:0002647;HP:0005162;HP:0000978,Heart/Cardiovasculature/Lymphatic,17994018;18544034;21937134;NBK1120,Cardiac,ACTSA,130,28.08.2020
CACNA1C,114205,CACNA1C related Timothy syndrome,No disease mim,confirmed,monoallelic,all missense/in frame,HP:0011712;HP:0002719;HP:0002090;HP:0001645;HP:0001662;HP:0004755;HP:0001629;HP:0001663;HP:0001643;HP:0004751;HP:0000821;HP:0001943;HP:0005280;HP:0001636;HP:0001279;HP:0001290;HP:0001655;HP:0005110;HP:0012251;HP:0001159;HP:0004308;HP:0000717;HP:0001249;HP:0000691;HP:0001263;HP:0001640;HP:0011704;HP:0012272;HP:0012232;HP:0000219;HP:0001649;HP:0011715;HP:0001250;HP:0001657;HP:0001695;HP:0000006;HP:0000311;HP:0001699;HP:0011705;HP:0002901;HP:0012725;HP:0012387,Heart/Cardiovasculature/Lymphatic,28211989;25633834;NBK1403;15863612;15454078;22106044;26253506;24728418;31983240,Cardiac,CACH2;CACN2;CACNL1A1;CCHL1A1;CaV1.2;LQT8;TS;TS.LQT8,1390,16.06.2021
CALM1,114180,CALM1 related LQTS,No disease mim,confirmed,monoallelic,all missense/in frame,HP:0001657;HP:0002321;HP:0001699;HP:0000006;HP:0004756;HP:0001695;HP:0005184;HP:0001279;HP:0001645;HP:0001663,Heart/Cardiovasculature/Lymphatic,23388215;26969752;31983240;31170290,Cardiac,CALML2;CAM2;CAM3;CAMB;CAMC;CAMI;CAMIII;CPVT4;DD132;LQT14;PHKD;caM,1442,16.06.2021
CALM2,114182,CALM2 related LQTS,No disease mim,confirmed,monoallelic,all missense/in frame,HP:0001657;HP:0004751;HP:0001649;HP:0001695;HP:0011712;HP:0012251;HP:0000006;HP:0001662;HP:0001645;HP:0004755;HP:0011704;HP:0011705;HP:0005184;HP:0011715;HP:0001663;HP:0004308;HP:0001279;HP:0002321;HP:0004756,Heart/Cardiovasculature/Lymphatic,23388215;26969752;31983240;31170290;27765793,Cardiac,CALM;CALML2;CAM1;CAM3;CAMC;CAMII;CAMIII;LQT15;PHKD;PHKD2;caM,1445,16.06.2021
CALM3,114183,CALM3 related LQTS,No disease mim,confirmed,monoallelic,all missense/in frame,"NA",Heart/Cardiovasculature/Lymphatic,23388215;26969752;31983240;31170290,Cardiac,"NA",1449,16.06.2021
KCNH2,152427,KCNH2 related LQTS,No disease mim,confirmed,monoallelic,loss of function,HP:0001662;HP:0001664;HP:0012232;HP:0001425;HP:0000006;HP:0001645;HP:0001962;HP:0001695;HP:0004308;HP:0001279;HP:0001663;HP:0005110;HP:0001657;HP:0001678,Heart/Cardiovasculature/Lymphatic,31983240;26320108;27761161;NBK1129;15840476;18774102;19926013;32893267;21185499;10491368;10841244;12621127;19716085;21185501;9927399;22995932;29650123;25417810;24932360;21787999;29504689;27262388;19841300,Cardiac,LQT2;HERG,6251,16.06.2021
KCNJ2,600681,KCNJ2 related Andersen related Tawil syndrome,No disease mim,confirmed,monoallelic,all missense/in frame,HP:0001864;HP:0000327;HP:0003768;HP:0001773;HP:0001645;HP:0006297;HP:0004279;HP:0200055;HP:0001279;HP:0005147;HP:0001507;HP:0001770;HP:0008153;HP:0001662;HP:0004209;HP:0000677;HP:0000414;HP:0005478;HP:0012232;HP:0000175;HP:0000347;HP:0001678;HP:0009803;HP:0003100;HP:0012745;HP:0010743;HP:0000337;HP:0003779;HP:0001649;HP:0000218;HP:0006335;HP:0000252;HP:0000272;HP:0000325;HP:0002750;HP:0025072;HP:0003691;HP:0001663;HP:0000324;HP:0001388;HP:0005110;HP:0004757;HP:0000219;HP:0000369;HP:0004467;HP:0004308;HP:0000006;HP:0000696;HP:0001156;HP:0003778;HP:0000316;HP:0000716;HP:0000581;HP:0010049;HP:0001657;HP:0001962;HP:0001328;HP:0002650,Heart/Cardiovasculature/Lymphatic,31983240;32947483;32843460;NBK1264;32299589;21493816;16217063;32499698;11371347;12163457;21148745,Cardiac,Kir2.1;IRK1;LQT7,6263,16.06.2021
KCNQ1,607542,KCNQ1 related LQTS,No disease mim,confirmed,monoallelic,loss of function,HP:0001548;HP:0001727;HP:0008523;HP:0003247;HP:0001297;HP:0006277;HP:0001662;HP:0002884;HP:0001539;HP:0000803;HP:0000150;HP:0005616;HP:0000239;HP:0000269;HP:0000105;HP:0002667;HP:0001664;HP:0005110;HP:0001649;HP:0000158;HP:0000787;HP:0001279;HP:0001645;HP:0001638;HP:0000007;HP:0001052;HP:0008186;HP:0001528;HP:0000598;HP:0000076;HP:0000006;HP:0001998;HP:0001305;HP:0001657;HP:0011800;HP:0001425;HP:0001663;HP:0001678;HP:0005487;HP:0000121;HP:0000280;HP:0002240;HP:0008527;HP:0001540;HP:0001962;HP:0004308;HP:0006744;HP:0000028;HP:0000364;HP:0001640;HP:0012232;HP:0000520,Heart/Cardiovasculature/Lymphatic,31983240;23900354;23392653;23591039;27041150;28944242;NBK1129;15840476;19716085;9927399;22995932;29650123;21185501;27807201;17470695;25854863;29532034;25174857;32893267;22456477;21787999;27262388;19841300;29504689,Cardiac,Kv7.1;KCNA8;KVLQT1;JLNS1;LQT1,6294,16.06.2021
KCNQ1,607542,KCNQ1 related JLNS,No disease mim,confirmed,biallelic,loss of function,"NA",Heart/Cardiovasculature/Lymphatic,31983240;9020846;23392653;23591039;27041150;27868350;23392653;11226272;25187895,Cardiac,Kv7.1;KCNA8;KVLQT1;JLNS1;LQT1,6294,16.06.2021
SCN5A,600163,SCN5A related LQTS,No disease mim,confirmed,monoallelic,all missense/in frame,HP:0001279;HP:0004751;HP:0001962;HP:0004757;HP:0000007;HP:0000407;HP:0002047;HP:0011715;HP:0001678;HP:0006673;HP:0004755;HP:0001695;HP:0025478;HP:0005949;HP:0100578;HP:0011705;HP:0005170;HP:0031295;HP:0011704;HP:0012251;HP:0001644;HP:0001664;HP:0004749;HP:0011712;HP:0001645;HP:0006671;HP:0001663;HP:0000006;HP:0003577;HP:0005155;HP:0000982;HP:0001426;HP:0005110;HP:0001712;HP:0001874;HP:0001297;HP:0011713;HP:0003198;HP:0002094;HP:0004308;HP:0011675;HP:0001649;HP:0003457;HP:0005180;HP:0003236;HP:0001657;HP:0001688;HP:0006682;HP:0006699;HP:0011711;HP:0005172;HP:0001425;HP:0001699,Heart/Cardiovasculature/Lymphatic,7889574;NBK1129;29806494;29798782;31983240;11463728;26320108;15840476;19716085;21185501;9927399;22995932;29650123;27566755;32893267;21787999,Cardiac,CDCD2;CMD1E;CMPD2;HB1;HB2;HBBD;HH1;ICCD;IVF;LQT3;Nav1.5;PFHB1;SSS1;VF1,10593,16.06.2021
TRDN,603283,TRDN related LQTS,No disease mim,probable,biallelic,all missense/in frame,HP:0000006;HP:0001250;HP:0001279;HP:0001699;HP:0005110;HP:0000007;HP:0002321;HP:0005162;HP:0025478;HP:0031273;HP:0001695;HP:0004756;HP:0006682;HP:0001657;HP:0031677;HP:0003701;HP:0001645;HP:0001259,Heart/Cardiovasculature/Lymphatic,31983240;25922419;26768964;22422768;26200674;30479949;30649896;31437535;32402482,Cardiac,CPVT5;TDN;TRISK,12261,16.06.2021
BRAF,164757,CFC syndrome,No disease mim,confirmed,monoallelic,all missense/in frame,HP:0100697;HP:0000238;HP:0001004;HP:0005692;HP:0007370;HP:0001250;HP:0004415;HP:0007392;HP:0011800;HP:0000368;HP:0000176;HP:0002750;HP:0000280;HP:0000470;HP:0000494;HP:0000365;HP:0000508;HP:0001276;HP:0001513;HP:0009908;HP:0002162;HP:0003196;HP:0007477;HP:0001093;HP:0002360;HP:0001892;HP:0000028;HP:0001249;HP:0001658;HP:0006191;HP:0000179;HP:0002650;HP:0010576;HP:0000358;HP:0100703;HP:0000488;HP:0000982;HP:0000708;HP:0002514;HP:0001531;HP:0011710;HP:0001259;HP:0000529;HP:0008391;HP:0002217;HP:0004841;HP:0001639;HP:0000870;HP:0001633;HP:0000768;HP:0001085;HP:0002031;HP:0010807;HP:0000369;HP:0001054;HP:0001928;HP:0006114;HP:0031162;HP:0002659;HP:0001048;HP:0001608;HP:0011750;HP:0000478;HP:0001156;HP:0030680;HP:0001680;HP:0009466;HP:0008357;HP:0001627;HP:0000639;HP:0001382;HP:0003006;HP:0010669;HP:0430000;HP:0000486;HP:0003477;HP:0001744;HP:0000293;HP:0030521;HP:0002167;HP:0000194;HP:0005280;HP:0000914;HP:0001511;HP:0002797;HP:0008113;HP:0011470;HP:0000657;HP:0007924;HP:0008872;HP:0007440;HP:0000407;HP:0003691;HP:0000474;HP:0001003;HP:0030084;HP:0040075;HP:0001290;HP:0005978;HP:0001263;HP:0000006;HP:0002664;HP:0004209;HP:0000520;HP:0001629;HP:0032152;HP:0030939;HP:0000637;HP:0001047;HP:0001425;HP:0011220;HP:0012719;HP:0011362;HP:0002002;HP:0003298;HP:0000974;HP:0001262;HP:0002967;HP:0002705;HP:0001428;HP:0007987;HP:0002015;HP:0012059;HP:0000400;HP:0000135;HP:0009891;HP:0000248;HP:0000863;HP:0002974;HP:0002033;HP:0000268;HP:0000414;HP:0001634;HP:0002019;HP:0100763;HP:0001260;HP:0006695;HP:0001641;HP:0004306;HP:0007333;HP:0000348;HP:0000689;HP:0000276;HP:0001117;HP:0002516;HP:0012505;HP:0004422;HP:0001252;HP:0004414;HP:0002017;HP:0000316;HP:0000915;HP:0002212;HP:0000561;HP:0000044;HP:0011675;HP:0000545;HP:0002013;HP:0000126;HP:0000962;HP:0012286;HP:0000463;HP:0003577;HP:0008064;HP:0009748;HP:0000938;HP:0001636;HP:0100769;HP:0002240;HP:0002857;HP:0002321;HP:0000958;HP:0000925;HP:0002751;HP:0000343;HP:0012471;HP:0010318;HP:0000256;HP:0002020;HP:0002861;HP:0000341;HP:0100542;HP:0001631;HP:0002315;HP:0000995;HP:0011869;HP:0002617;HP:0100730;HP:0000325;HP:0002299;HP:0003508;HP:0000007;HP:0000912;HP:0001643;HP:0001508;HP:0001646;HP:0002223;HP:0000431;HP:0200036;HP:0001256;HP:0000823;HP:0000164;HP:0200102;HP:0001187;HP:0002208;HP:0000499;HP:0000047;HP:0008245;HP:0011734;HP:0001743;HP:0000504;HP:0011381;HP:0001654;HP:0002007;HP:0004482;HP:0100625;HP:0000648;HP:0100840;HP:0008625;HP:0002213;HP:0001520;HP:0011024;HP:0000767;HP:0007565;HP:0002863;HP:0000975;HP:0009719;HP:0002591;HP:0000078;HP:0000218;HP:0000476;HP:0002997;HP:0000465;HP:0001510;HP:0000286;HP:0000391;HP:0001319;HP:0004322;HP:0002719;HP:0008897;HP:0010535;HP:0000306;HP:0001622;HP:0002086;HP:0002637;HP:0000144;HP:0001642;HP:0030588;HP:0001482;HP:0001324;HP:0006519;HP:0100543;HP:0001480;HP:0200034;HP:0000917;HP:0000347;HP:0010939;HP:0000271;HP:0006610;HP:0000953;HP:0008070;HP:0003251;HP:0001561;HP:0004859;HP:0002120;HP:0002353;HP:0001582,Heart/Cardiovasculature/Lymphatic,NBK1186;16439621;26150740,Cardiac,B-RAF1;B-raf;BRAF1;NS7;RAFB1,1097,18.09.2020
HRAS,190020,Costello syndrome,No disease mim,confirmed,monoallelic,all missense/in frame,HP:0007477;HP:0000238;HP:0002757;HP:0000232;HP:0000568;HP:0012081;HP:0002878;HP:0000324;HP:0001531;HP:0000682;HP:0000337;HP:0000962;HP:0005600;HP:0000956;HP:0012056;HP:0004322;HP:0000085;HP:0001762;HP:0000286;HP:0002007;HP:0009465;HP:0008872;HP:0011220;HP:0000474;HP:0000369;HP:0009748;HP:0000028;HP:0000316;HP:0000293;HP:0000083;HP:0002059;HP:0006191;HP:0000343;HP:0100729;HP:0000358;HP:0001428;HP:0002107;HP:0001548;HP:0001609;HP:0006482;HP:0010759;HP:0000179;HP:0001231;HP:0001642;HP:0001622;HP:0001252;HP:0000995;HP:0000508;HP:0001263;HP:0007957;HP:0000260;HP:0001250;HP:0000612;HP:0001596;HP:0009720;HP:0005692;HP:0000269;HP:0000589;HP:0000602;HP:0005989;HP:0011073;HP:0000504;HP:0010817;HP:0000768;HP:0002093;HP:0002119;HP:0000455;HP:0002751;HP:0002862;HP:0002816;HP:0001561;HP:0002021;HP:0001939;HP:0007400;HP:0001582;HP:0000463;HP:0001771;HP:0000470;HP:0001629;HP:0006731;HP:0002132;HP:0010815;HP:0000629;HP:0031842;HP:0001510;HP:0000347;HP:0000307;HP:0000368;HP:0001869;HP:0025510;HP:0002224;HP:0007370;HP:0000194;HP:0001552;HP:0001631;HP:0004422;HP:0001680;HP:0000506;HP:0001187;HP:0012740;HP:0001249;HP:0000951;HP:0001048;HP:0001528;HP:0002120;HP:0000465;HP:0001808;HP:0001943;HP:0000938;HP:0001347;HP:0000256;HP:0001357;HP:0002353;HP:0002020;HP:0002859;HP:0003109;HP:0003422;HP:0011675;HP:0000006;HP:0002002;HP:0007360;HP:0000164;HP:0100555;HP:0100679;HP:0001010;HP:0000486;HP:0008064;HP:0000418;HP:0009588;HP:0005280;HP:0000494;HP:0002671;HP:0002779;HP:0000311;HP:0007206;HP:0001814;HP:0003577;HP:0001315;HP:0001634;HP:0001305;HP:0006740;HP:0001442;HP:0000218;HP:0001639;HP:0002870;HP:0002780;HP:0000267;HP:0004690;HP:0002514;HP:0003745;HP:0000189;HP:0001699;HP:0001508;HP:0000826;HP:0001167;HP:0001598;HP:0000478;HP:0001595;HP:0003196;HP:0003764;HP:0001028;HP:0001800;HP:0002033;HP:0000953;HP:0004912;HP:0007099;HP:0008070;HP:0001816;HP:0000280;HP:0001054;HP:0000158;HP:0001780;HP:0007440;HP:0000563;HP:0002212;HP:0002996;HP:0040198;HP:0002750,Heart/Cardiovasculature/Lymphatic,NBK1507;26446362;22261753,Cardiac,C-BAS/HAS;C-H-RAS;C-HA-RAS1;CTLO;H-RASIDX;HAMSV;HRAS1;KRAS;KRAS2;Ki-Ras;RASH1;RASK2;c-K-ras;c-Ki-ras;p21ras,5173,23.09.2020
SLC4A3,106195,SLC4A3 related SQTS,No disease mim,possible,monoallelic,all missense/in frame,"NA",Heart/Cardiovasculature/Lymphatic,29167417,Cardiac,AE3;SLC2C,11029,21.07.2021
KCNH2,609620,KCNH2 related SQTS,No disease mim,confirmed,monoallelic,all missense/in frame,"NA",Heart/Cardiovasculature/Lymphatic,14676148;19340359;25335996;21130771;29876509;29016797;28491588;30571592;15828882;18692916;25974115;21310316;31072576;7736582;7889573;29574456;30582453;9547387;15673388;29759541;31049424;30175559;19088443;30496390;30947366,Cardiac,LQT2;HERG,6251,21.07.2021
KCNJ2,609622,KCNJ2 relared SQTS,No disease mim,possible,monoallelic,all missense/in frame,"NA",Heart/Cardiovasculature/Lymphatic,15761194;23440193;2479485;29615871;22155372;11410627;19285083;24794859;19710529,Cardiac,Kir2.1;IRK1;LQT7,6263,21.07.2022
KCNQ1,609621,KCNQ1 related SQTS,No disease mim,probable,monoallelic,all missense/in frame,"NA",Heart/Cardiovasculature/Lymphatic,16109388;28491547;15159330;24380499;25974115;26168993;26346102;26279191;28491751;8900283;8528244;29213224,Cardiac,Kv7.1;KCNA8;KVLQT1;JLNS1;LQT1,6294,21.07.2023
